<?xml version="1.0" encoding="UTF-8"?>
<beans xmlns="http://www.springframework.org/schema/beans"
	xmlns:xsi="http://www.w3.org/2001/XMLSchema-instance"
	xmlns:context="http://www.springframework.org/schema/context"
	xmlns:mvc="http://www.springframework.org/schema/mvc"
	xsi:schemaLocation="http://www.springframework.org/schema/mvc http://www.springframework.org/schema/mvc/spring-mvc-3.1.xsd
		http://www.springframework.org/schema/beans http://www.springframework.org/schema/beans/spring-beans.xsd
		http://www.springframework.org/schema/context http://www.springframework.org/schema/context/spring-context-3.1.xsd">

	<context:component-scan base-package="com.yetthin.web.controller"></context:component-scan>
	 <bean id="viewResolver" class="org.springframework.web.servlet.view.InternalResourceViewResolver">
	 	<property name="prefix" value="/WEB-INF/jsp/"></property>
	 	<property name="suffix" value=".jsp"></property>
	 </bean>
	 <!-- 文件上传下载  -->
	<bean id="multipartResolver" class="org.springframework.web.multipart.commons.CommonsMultipartResolver">
		<property name="defaultEncoding" value="UTF-8"></property>
		<property name="maxUploadSize" value="1024000"></property>	
	</bean>
	 <mvc:annotation-driven>
	 
	 </mvc:annotation-driven>
	 <bean class="org.springframework.web.servlet.mvc.method.annotation.RequestMappingHandlerAdapter" >      
        <property name="messageConverters">      
        <list>    
          <bean class="org.springframework.http.converter.json.MappingJacksonHttpMessageConverter" />    
          <bean class="org.springframework.http.converter.StringHttpMessageConverter">    
                <property name="supportedMediaTypes">    
                    <list>    
                        <value>text/plain;charset=UTF-8</value>    
                    </list>    
                </property>    
            </bean>    
        </list>     
    </property>      
   </bean>  
	 <!-- 静态资源路径 -->
	 <mvc:resources location="/img/" mapping="/img/**"/>
	 <mvc:resources location="/js/" mapping="/js/**"/>
	 <mvc:resources location="/" mapping="/*.html"/>
	 <mvc:resources location="/css/" mapping="/css/**"/>
	 <mvc:resources location="/" mapping="/*.jsp"/>
	
	
	<!-- 配置 RESTFUL 风格处理 Bean -->
	<!-- <bean class="org.springframework.web.servlet.mvc.annotation.DefaultAnnotationHandlerMapping"></bean>
	<bean class="org.springframework.web.servlet.mvc.annotation.AnnotationMethodHandlerAdapter"></bean>
 -->
</beans>
