<?xml version="1.0" encoding="UTF-8"?>
<beans xmlns="http://www.springframework.org/schema/beans"
	xmlns:xsi="http://www.w3.org/2001/XMLSchema-instance"
	xmlns:context="http://www.springframework.org/schema/context"
	xsi:schemaLocation="http://www.springframework.org/schema/beans http://www.springframework.org/schema/beans/spring-beans.xsd
		http://www.springframework.org/schema/context http://www.springframework.org/schema/context/spring-context-3.1.xsd">
	<context:component-scan base-package="com.yetthin.web.com*"></context:component-scan>
	<context:property-placeholder location="classpath:email.properties"/>
		<bean id="javaMailSender" class="org.springframework.mail.javamail.JavaMailSenderImpl">
		<property name="host" value="smtp.mxhichina.com" />
		<property name="port" value="25" />
		<property name="username" value="cktime@cktim.net" />
		<property name="password" value="cksj1234." />
		<property name="javaMailProperties">
			<props>
				<prop key="mail.smtp.auth">true</prop>
				<prop key="mail.smtp.timeout">25000</prop>
				<prop key="mail.smtp.from">cktime@cktim.net</prop>
			</props>
		</property>
	</bean>
</beans>
