<?xml version="1.0" encoding="UTF-8" ?>
<!DOCTYPE mapper PUBLIC "-//mybatis.org//DTD Mapper 3.0//EN" "http://mybatis.org/dtd/mybatis-3-mapper.dtd" >
<mapper namespace="com.yetthin.web.persistence.TempCodeMapper" >
  <resultMap id="BaseResultMap" type="com.yetthin.web.domain.TempCode" >
    <id column="ID" property="id" jdbcType="INTEGER" />
    <result column="verify_code" property="verifyCode" jdbcType="VARCHAR" />
    <result column="end_time" property="endTime" jdbcType="TIMESTAMP" />
  </resultMap>
  <sql id="Base_Column_List" >
    ID, verify_code, end_time
  </sql>
  <select id="selectByPrimaryKey" resultMap="BaseResultMap" parameterType="java.lang.Integer" >
    select 
    <include refid="Base_Column_List" />
    from tempcode
    where ID = #{id,jdbcType=INTEGER}
  </select>
  <delete id="deleteByPrimaryKey" parameterType="java.lang.Integer" >
    delete from tempcode
    where ID = #{id,jdbcType=INTEGER}
  </delete>
  <insert id="insert" parameterType="com.yetthin.web.domain.TempCode" >
    <selectKey resultType="java.lang.Integer" keyProperty="id" order="BEFORE" >
      SELECT LAST_INSERT_ID()
    </selectKey>
    insert into tempcode (ID, verify_code, end_time
      )
    values (#{id,jdbcType=INTEGER}, #{verifyCode,jdbcType=VARCHAR}, #{endTime,jdbcType=TIMESTAMP}
      )
  </insert>
  <insert id="insertSelective" parameterType="com.yetthin.web.domain.TempCode" >
    <selectKey resultType="java.lang.Integer" keyProperty="id" order="BEFORE" >
      SELECT LAST_INSERT_ID()
    </selectKey>
    insert into tempcode
    <trim prefix="(" suffix=")" suffixOverrides="," >
      ID,
      <if test="verifyCode != null" >
        verify_code,
      </if>
      <if test="endTime != null" >
        end_time,
      </if>
    </trim>
    <trim prefix="values (" suffix=")" suffixOverrides="," >
      #{id,jdbcType=INTEGER},
      <if test="verifyCode != null" >
        #{verifyCode,jdbcType=VARCHAR},
      </if>
      <if test="endTime != null" >
        #{endTime,jdbcType=TIMESTAMP},
      </if>
    </trim>
  </insert>
  <update id="updateByPrimaryKeySelective" parameterType="com.yetthin.web.domain.TempCode" >
    update tempcode
    <set >
      <if test="verifyCode != null" >
        verify_code = #{verifyCode,jdbcType=VARCHAR},
      </if>
      <if test="endTime != null" >
        end_time = #{endTime,jdbcType=TIMESTAMP},
      </if>
    </set>
    where ID = #{id,jdbcType=INTEGER}
  </update>
  <update id="updateByPrimaryKey" parameterType="com.yetthin.web.domain.TempCode" >
    update tempcode
    set verify_code = #{verifyCode,jdbcType=VARCHAR},
      end_time = #{endTime,jdbcType=TIMESTAMP}
    where ID = #{id,jdbcType=INTEGER}
  </update>
</mapper>