<?xml version="1.0" encoding="UTF-8"?>
<!DOCTYPE generatorConfiguration
  PUBLIC "-//mybatis.org//DTD MyBatis Generator Configuration 1.0//EN"
  "http://mybatis.org/dtd/mybatis-generator-config_1_0.dtd">
<!--
	company_authentication help_article help_type index_ad  kol message
	personal_authentication points project project_comment project_join
	project_like project_order project_share project_support project_type
	project_user_vote project_vote specialty user_ user_address user_contact
	user_points user_specialty,city,area,province

  -->
<generatorConfiguration>
	<!-- 数据库驱动包的位置 -->
	<classPathEntry
		location="E:/java_ap/workspace/yetThin/WebRoot/WEB-INF/lib/mysql-connector-java-5.1.33-bin.jar" />

	<context id="tables" targetRuntime="MyBatis3">
		<commentGenerator>
			<property name="suppressAllComments" value="true" />
		</commentGenerator>
		<!-- 数据库力链接地址URL 用户名 密码 -->
		<jdbcConnection driverClass="com.mysql.jdbc.Driver"
			connectionURL="jdbc:mysql://127.0.0.1:3306/yetthin" userId="yetthindb"
			password="yetthindb1234">
		</jdbcConnection>

		<javaTypeResolver>
			<property name="forceBigDecimals" value="true" />
		</javaTypeResolver>
		<!-- 生成实体类的包名和位置，路径为  com.yetthin.web.domain -->
		<javaModelGenerator targetPackage="com.yetthin.web.domain"
			targetProject="yetThin/src">
			<property name="enableSubPackages" value="true" />
			<property name="trimStrings" value="false" />
		</javaModelGenerator>


		<!-- 生成的sql映射文件包名和位置，映射文件的位置为 com.yetthin.web.persistence -->
		<sqlMapGenerator targetPackage="com.yetthin.web.persistence"
			targetProject="yetThin/src">
			<property name="enableSubPackages" value="true" />
		</sqlMapGenerator>
		<!-- 生成DAO的包名和位置 dao类位置为 com.yetthin.web.persistence  -->
		<javaClientGenerator type="XMLMAPPER"
			targetPackage="com.yetthin.web.persistence" targetProject="yetThin/src">
			<property name="enableSubPackages" value="true" />
		</javaClientGenerator>


		
		<!-- 要生成的表   -->
	<!-- 	<table schema="yetthin" tableName="userinfo" domainObjectName="UserInfo"
			enableDeleteByExample="false" enableUpdateByExample="false" enableSelectByExample="false" enableCountByExample="false">
			<property name="ignoreQualifiersAtRuntime" value="true" />
			<generatedKey column="user_id" sqlStatement="Mysql"/>
		</table>
		<table schema="yetthin" tableName="tempcode" domainObjectName="TempCode"
			enableDeleteByExample="false" enableUpdateByExample="false"  enableSelectByExample="false" enableCountByExample="false" >
			<property name="ignoreQualifiersAtRuntime" value="true" />
			<generatedKey column="id" sqlStatement="Mysql"/>
		</table>
		<table schema="yetthin" tableName="phoneversion" domainObjectName="PhoneVersion"
			enableDeleteByExample="false" enableUpdateByExample="false" enableSelectByExample="false"  enableCountByExample="false">
			<property name="ignoreQualifiersAtRuntime" value="true" />
			<generatedKey column="id" sqlStatement="Mysql"/>
		</table> -->
		<table schema="yetthin" tableName="Admin" domainObjectName="Admin"
			enableDeleteByExample="false" enableUpdateByExample="false" enableSelectByExample="false"  enableCountByExample="false">
			<property name="ignoreQualifiersAtRuntime" value="true" />
			<generatedKey column="id" sqlStatement="Mysql"/>
		</table>
		
		
		
		
		
	</context>
</generatorConfiguration>