<?xml version="1.0" encoding="UTF-8" ?>
<!DOCTYPE mapper PUBLIC "-//mybatis.org//DTD Mapper 3.0//EN" "http://mybatis.org/dtd/mybatis-3-mapper.dtd" >
<mapper namespace="com.yetthin.web.persistence.AdminMapper" >
  <resultMap id="BaseResultMap" type="com.yetthin.web.domain.Admin" >
    <id column="id" property="id" jdbcType="INTEGER" />
    <result column="admin_name" property="adminName" jdbcType="VARCHAR" />
    <result column="admin_password" property="adminPassword" jdbcType="VARCHAR" />
    <result column="admin_power" property="adminPower" jdbcType="INTEGER" />
  </resultMap>
  <sql id="Base_Column_List" >
    id, admin_name, admin_password, admin_power
  </sql>
  <select id="selectByPrimaryKey" resultMap="BaseResultMap" parameterType="java.lang.Integer" >
    select 
    <include refid="Base_Column_List" />
    from admin
    where id = #{id,jdbcType=INTEGER} limit 1
  </select>
  <select id="selectByName" resultMap="BaseResultMap" parameterType="java.lang.String" >
    select 
    <include refid="Base_Column_List" />
    from admin
    where admin_name = #{name,jdbcType=VARCHAR} limit 1
  </select>
   <select id="getAll" resultMap="BaseResultMap"  >
    select 
    <include refid="Base_Column_List" />
    from admin
  
  </select>
  
  <delete id="deleteByPrimaryKey" parameterType="java.lang.Integer" >
    delete from admin
    where id = #{id,jdbcType=INTEGER}
  </delete>
  <insert id="insert" parameterType="com.yetthin.web.domain.Admin" >
    <selectKey resultType="java.lang.Integer" keyProperty="id" order="BEFORE" >
      SELECT LAST_INSERT_ID()
    </selectKey>
    insert into admin (id, admin_name, admin_password, 
      admin_power)
    values (#{id,jdbcType=INTEGER}, #{adminName,jdbcType=VARCHAR}, #{adminPassword,jdbcType=VARCHAR}, 
      #{adminPower,jdbcType=INTEGER})
  </insert>
  <insert id="insertSelective" parameterType="com.yetthin.web.domain.Admin" >
    <selectKey resultType="java.lang.Integer" keyProperty="id" order="BEFORE" >
      SELECT LAST_INSERT_ID()
    </selectKey>
    insert into admin
    <trim prefix="(" suffix=")" suffixOverrides="," >
      id,
      <if test="adminName != null" >
        admin_name,
      </if>
      <if test="adminPassword != null" >
        admin_password,
      </if>
      <if test="adminPower != null" >
        admin_power,
      </if>
    </trim>
    <trim prefix="values (" suffix=")" suffixOverrides="," >
      #{id,jdbcType=INTEGER},
      <if test="adminName != null" >
        #{adminName,jdbcType=VARCHAR},
      </if>
      <if test="adminPassword != null" >
        #{adminPassword,jdbcType=VARCHAR},
      </if>
      <if test="adminPower != null" >
        #{adminPower,jdbcType=INTEGER},
      </if>
    </trim>
  </insert>
  <update id="updateByPrimaryKeySelective" parameterType="com.yetthin.web.domain.Admin" >
    update admin
    <set >
      <if test="adminName != null" >
        admin_name = #{adminName,jdbcType=VARCHAR},
      </if>
      <if test="adminPassword != null" >
        admin_password = #{adminPassword,jdbcType=VARCHAR},
      </if>
      <if test="adminPower != null" >
        admin_power = #{adminPower,jdbcType=INTEGER},
      </if>
    </set>
    where id = #{id,jdbcType=INTEGER}
  </update>
  <update id="updateByPrimaryKey" parameterType="com.yetthin.web.domain.Admin" >
    update admin
    set admin_name = #{adminName,jdbcType=VARCHAR},
      admin_password = #{adminPassword,jdbcType=VARCHAR},
      admin_power = #{adminPower,jdbcType=INTEGER}
    where id = #{id,jdbcType=INTEGER}
  </update>
</mapper>