<?xml version="1.0" encoding="UTF-8" ?>
<!DOCTYPE mapper PUBLIC "-//mybatis.org//DTD Mapper 3.0//EN" "http://mybatis.org/dtd/mybatis-3-mapper.dtd" >
<mapper namespace="com.yetthin.web.persistence.IndexPageContextMapper" >
  <resultMap id="BaseResultMap" type="com.yetthin.web.domain.barData" >
    <id column="id" property="id" jdbcType="INTEGER" />
    <result column="dateTime" property="datetime" jdbcType="DATE" />
    <result column="open" property="open" jdbcType="VARCHAR" />
    <result column="height" property="height" jdbcType="VARCHAR" />
    <result column="low" property="low" jdbcType="VARCHAR" />
    <result column="close" property="close" jdbcType="VARCHAR" />
    <result column="ystClose" property="ystclose" jdbcType="VARCHAR" />
    <result column="volume" property="volume" jdbcType="VARCHAR" />
    <result column="matchItems" property="matchitems" jdbcType="VARCHAR" />
    <result column="sId" property="sid" jdbcType="INTEGER" />
  </resultMap>
  <sql id="Base_Column_List" >
    id, dateTime, open, height, low, close, ystClose, volume, matchItems, sId
  </sql>
  <select id="selectByPrimaryKey" resultMap="BaseResultMap" parameterType="java.util.Map" >
    select 
    <include refid="Base_Column_List" />
    from bardata
    where sid  = #{id} and dateTime >= #{time}
    order by dateTime ASC limit #{size} 
  </select>
  <select id="getBetweenBeginAndEnd" parameterType="java.util.Map" resultMap="BaseResultMap">
  select 
  <include refid="Base_Column_List"></include>
  from bardata 
  where sid between #{begin,jdbcType=INTEGER} and #{end,jdbcType=INTEGER} and
  dateTime =#{time,jdbcType=DATE}
  </select>
  <delete id="deleteByPrimaryKey" parameterType="java.lang.Integer" >
    delete from bardata
    where id = #{id,jdbcType=INTEGER}
  </delete>
  <insert id="insert" parameterType="java.util.List" >
    <selectKey resultType="java.lang.Integer" keyProperty="id" order="BEFORE" >
      SELECT LAST_INSERT_ID()
    </selectKey>
    insert into bardata (id, dateTime, open, 
      height, low, close, 
      ystClose, volume, matchItems, 
      sId)
    values 
    <foreach collection="record" item="item" open="(" close=")" separator=",">
    #{item.id,jdbcType=INTEGER}, #{item.datetime,jdbcType=DATE}, #{item.open,jdbcType=VARCHAR}, 
      #{item.height,jdbcType=VARCHAR}, #{item.low,jdbcType=VARCHAR}, #{item.close,jdbcType=VARCHAR}, 
      #{item.ystclose,jdbcType=VARCHAR}, #{item.volume,jdbcType=VARCHAR}, #{item.matchitems,jdbcType=VARCHAR}, 
      #{item.sid,jdbcType=INTEGER}
    
    </foreach>
  </insert>
  <insert id="insertSelective" parameterType="com.yetthin.web.domain.barData" >
    <selectKey resultType="java.lang.Integer" keyProperty="id" order="BEFORE" >
      SELECT LAST_INSERT_ID()
    </selectKey>
    insert into bardata
    <trim prefix="(" suffix=")" suffixOverrides="," >
      id,
      <if test="datetime != null" >
        dateTime,
      </if>
      <if test="open != null" >
        open,
      </if>
      <if test="height != null" >
        height,
      </if>
      <if test="low != null" >
        low,
      </if>
      <if test="close != null" >
        close,
      </if>
      <if test="ystclose != null" >
        ystClose,
      </if>
      <if test="volume != null" >
        volume,
      </if>
      <if test="matchitems != null" >
        matchItems,
      </if>
      <if test="sid != null" >
        sId,
      </if>
    </trim>
    <trim prefix="values (" suffix=")" suffixOverrides="," >
      #{id,jdbcType=INTEGER},
      <if test="datetime != null" >
        #{datetime,jdbcType=DATE},
      </if>
      <if test="open != null" >
        #{open,jdbcType=VARCHAR},
      </if>
      <if test="height != null" >
        #{height,jdbcType=VARCHAR},
      </if>
      <if test="low != null" >
        #{low,jdbcType=VARCHAR},
      </if>
      <if test="close != null" >
        #{close,jdbcType=VARCHAR},
      </if>
      <if test="ystclose != null" >
        #{ystclose,jdbcType=VARCHAR},
      </if>
      <if test="volume != null" >
        #{volume,jdbcType=VARCHAR},
      </if>
      <if test="matchitems != null" >
        #{matchitems,jdbcType=VARCHAR},
      </if>
      <if test="sid != null" >
        #{sid,jdbcType=INTEGER},
      </if>
    </trim>
  </insert>
  <update id="updateByPrimaryKeySelective" parameterType="com.yetthin.web.domain.barData" >
    update bardata
    <set >
      <if test="datetime != null" >
        dateTime = #{datetime,jdbcType=DATE},
      </if>
      <if test="open != null" >
        open = #{open,jdbcType=VARCHAR},
      </if>
      <if test="height != null" >
        height = #{height,jdbcType=VARCHAR},
      </if>
      <if test="low != null" >
        low = #{low,jdbcType=VARCHAR},
      </if>
      <if test="close != null" >
        close = #{close,jdbcType=VARCHAR},
      </if>
      <if test="ystclose != null" >
        ystClose = #{ystclose,jdbcType=VARCHAR},
      </if>
      <if test="volume != null" >
        volume = #{volume,jdbcType=VARCHAR},
      </if>
      <if test="matchitems != null" >
        matchItems = #{matchitems,jdbcType=VARCHAR},
      </if>
      <if test="sid != null" >
        sId = #{sid,jdbcType=INTEGER},
      </if>
    </set>
    where id = #{id,jdbcType=INTEGER}
  </update>
  <update id="updateByPrimaryKey" parameterType="com.yetthin.web.domain.barData" >
    update bardata
    set dateTime = #{datetime,jdbcType=DATE},
      open = #{open,jdbcType=VARCHAR},
      height = #{height,jdbcType=VARCHAR},
      low = #{low,jdbcType=VARCHAR},
      close = #{close,jdbcType=VARCHAR},
      ystClose = #{ystclose,jdbcType=VARCHAR},
      volume = #{volume,jdbcType=VARCHAR},
      matchItems = #{matchitems,jdbcType=VARCHAR},
      sId = #{sid,jdbcType=INTEGER}
    where id = #{id,jdbcType=INTEGER}
  </update>
</mapper>