<?xml version="1.0" encoding="UTF-8"?>
<beans xmlns="http://www.springframework.org/schema/beans"
	xmlns:xsi="http://www.w3.org/2001/XMLSchema-instance"
	xmlns:context="http://www.springframework.org/schema/context"
	xmlns:mvc="http://www.springframework.org/schema/mvc"
	xsi:schemaLocation="http://www.springframework.org/schema/mvc http://www.springframework.org/schema/mvc/spring-mvc-3.1.xsd
		http://www.springframework.org/schema/beans http://www.springframework.org/schema/beans/spring-beans.xsd
		http://www.springframework.org/schema/context http://www.springframework.org/schema/context/spring-context-3.1.xsd">

	<context:component-scan base-package="com.yetthin.web.controller"></context:component-scan>
	 <bean id="viewResolver" class="org.springframework.web.servlet.view.InternalResourceViewResolver">
	 	<property name="prefix" value="/WEB-INF/jsp/"></property>
	 	<property name="suffix" value=".jsp"></property>
	 </bean>
	 <mvc:annotation-driven></mvc:annotation-driven>
	 <!-- 静态资源路径 -->
	 <mvc:resources location="/img/" mapping="/img/**"/>
	 <mvc:resources location="/js/" mapping="/js/**"/>
	 <mvc:resources location="/" mapping="/*.html"/>
	 <mvc:resources location="/css/" mapping="/css/**"/>
	 <mvc:resources location="/" mapping="/*.jsp"/>
	<!-- 文件上传下载  -->
	<bean id="multipartResoler" class="org.springframework.web.multipart.support.StandardServletMultipartResolver">
		
	</bean>
	
	<!-- 配置 RESTFUL 风格处理 Bean -->
	<!-- <bean class="org.springframework.web.servlet.mvc.annotation.DefaultAnnotationHandlerMapping"></bean>
	<bean class="org.springframework.web.servlet.mvc.annotation.AnnotationMethodHandlerAdapter"></bean>
 -->
</beans>
